PRESIDENT 2016 State Summary,,,,,,,,,,,,,,,,,,,,,,,,,,,,,
,,,,,,,,,,,,,,,,,,,,,,,,,,,,,
Office,RaceDate,Area,ElectoralRepVotes,ElectoralDemVotes,ElectoralOtherVotes,TotalVotes,RepVotes,RepCandidate,RepStatus,DemVotes,DemCandidate,DemStatus,ThirdParty,ThirdVotes,ThirdCandidate,ThirdStatus,OtherVotes,OtherDetail,PluralityVotes,PluralityParty,RepVotesTotalPercent,DemVotesTotalPercent,ThirdVotesTotalPercent,OtherVotesTotalPercent,RepVotesMajorPercent,DemVotesMajorPercent,RaceNotes,PopularRaceNotes,ElectoralRaceNotes
President,20161108,Alabama,9,0,0,"2,123,372","1,318,255","Trump, Donald J. ",Challenger,"729,547","Clinton, Hillary Rodham ",Challenger,Independent,"44,467","Johnson, Gary E. ",Challenger,"31,103","Scattered Write-Ins  (Write-in) 21,712; Stein Jill  (Independent) 9,391","588,708",R,62.08,34.36,2.09,1.46,64.37,35.63,,,
President,20161108,Alaska,3,0,0,"318,608","163,387","Trump, Donald J. ",Challenger,"116,454","Clinton, Hillary Rodham ",Challenger,Independent,"18,725","Johnson, Gary E. ",Challenger,"20,042","Scattered Write-Ins  (Write-in) 9,201; Stein Jill  (Independent) 5,735; De La Fuente Roque  (Independent) 1,240; Castle Darrell  (Independent) 3,866","46,933",R,51.28,36.55,5.88,6.29,58.39,41.61,,,
President,20161108,Arizona,11,0,0,"2,573,165","1,252,401","Trump, Donald J. ",Challenger,"1,161,167","Clinton, Hillary Rodham ",Challenger,Independent,"106,327","Johnson, Gary E. ",Challenger,"53,270","Stein Jill  (Independent) 34,345; De La Fuente Roque  (Independent) 29; Castle Darrell  (Independent) 1,058; McMullin Evan  (Independent) 17,449; Smith Mike  (Independent) 62","91,234",R,48.67,45.13,4.13,2.07,51.89,48.11,,,
President,20161108,Arkansas,6,0,0,"1,130,676","684,872","Trump, Donald J. ",Challenger,"380,494","Clinton, Hillary Rodham ",Challenger,Independent,"29,949","Johnson, Gary E. ",Challenger,"35,361","Stein Jill  (Independent) 9,473; Castle Darrell  (Independent) 4,613; McMullin Evan  (Independent) 13,176","304,378",R,60.57,33.65,2.65,3.13,64.29,35.71,,,
President,20161108,California,0,55,0,"14,181,595","4,483,810","Trump, Donald J. ",Challenger,"8,753,788","Clinton, Hillary Rodham ",Challenger,Independent,"478,500","Johnson, Gary E. ",Challenger,"465,497","Sanders Bernard  (Write-in) 79,341; Stein Jill  (Independent) 278,657; La Riva Gloria  (Write-in) 66,101; McMullin Evan  (Independent) 39,596","4,269,978",D,31.62,61.73,3.37,3.28,33.87,66.13,,,
President,20161108,Colorado,0,9,0,"2,780,247","1,202,484","Trump, Donald J. ",Challenger,"1,338,870","Clinton, Hillary Rodham ",Challenger,Independent,"144,121","Johnson, Gary E. ",Challenger,"94,772","Stein Jill  (Independent) 38,437; La Riva Gloria  (Write-in) 531; De La Fuente Roque  (Independent) 1,255; Castle Darrell  (Independent) 11,699; McMullin Evan  (Independent) 28,917; Smith Mike  (Independent) 1,819; Kennedy Alyson  (Independent) 452","136,386",D,43.25,48.16,5.18,3.41,47.32,52.68,,,
President,20161108,Connecticut,0,7,0,"1,644,920","673,215","Trump, Donald J. ",Challenger,"897,572","Clinton, Hillary Rodham ",Challenger,Independent,"48,676","Johnson, Gary E. ",Challenger,"25,457","Scattered Write-Ins  (Write-in) 508; Stein Jill  (Independent) 22,841; McMullin Evan  (Independent) 2,108","224,357",D,40.93,54.57,2.96,1.55,42.86,57.14,,,
President,20161108,Delaware,0,3,0,"443,814","185,127","Trump, Donald J. ",Challenger,"235,603","Clinton, Hillary Rodham ",Challenger,Independent,"14,757","Johnson, Gary E. ",Challenger,"8,327","Scattered Write-Ins  (Write-in) 1,518; Stein Jill  (Independent) 6,103; McMullin Evan  (Independent) 706","50,476",D,41.71,53.09,3.33,1.88,44.00,56.00,,,
President,20161108,District of Columbia,0,3,0,"311,268","12,723","Trump, Donald J. ",Challenger,"282,830","Clinton, Hillary Rodham ",Challenger,Independent,"4,906","Johnson, Gary E. ",Challenger,"10,809","Scattered Write-Ins  (Write-in) 6,551; Stein Jill  (Independent) 4,258","270,107",D,4.09,90.86,1.58,3.47,4.30,95.70,,,
President,20161108,Florida,29,0,0,"9,420,039","4,617,886","Trump, Donald J. ",Challenger,"4,504,975","Clinton, Hillary Rodham ",Challenger,Independent,"207,043","Johnson, Gary E. ",Challenger,"90,135","Stein Jill  (Independent) 64,399; Duncan Richard  (Write-in) 25; De La Fuente Roque  (Independent) 9,108; Castle Darrell  (Independent) 16,475","112,911",R,49.02,47.82,2.20,0.96,50.62,49.38,,,
President,20161108,Georgia,16,0,0,"4,114,732","2,089,104","Trump, Donald J. ",Challenger,"1,877,963","Clinton, Hillary Rodham ",Challenger,Independent,"125,306","Johnson, Gary E. ",Challenger,"22,359","Stein Jill  (Independent) 7,674; Castle Darrell  (Independent) 1,110; McMullin Evan  (Independent) 13,017","211,141",R,50.77,45.64,3.05,0.54,52.66,47.34,,,
President,20161108,Hawaii,0,3,1,"428,937","128,847","Trump, Donald J. ",Challenger,"266,891","Clinton, Hillary Rodham ",Challenger,Independent,"15,954","Johnson, Gary E. ",Challenger,"17,245","Stein Jill  (Independent) 12,737; Castle Darrell  (Independent) 4,508","138,044",D,30.04,62.22,3.72,4.02,32.56,67.44,,,
President,20161108,Idaho,4,0,0,"690,255","409,055","Trump, Donald J. ",Challenger,"189,765","Clinton, Hillary Rodham ",Challenger,Independent,"28,331","Johnson, Gary E. ",Challenger,"63,104","Stein Jill  (Independent) 8,496; De La Fuente Roque  (Independent) 1,373; Castle Darrell  (Independent) 4,403; McMullin Evan  (Independent) 46,476","219,290",R,59.26,27.49,4.10,9.14,68.31,31.69,,,
President,20161108,Illinois,0,20,0,"5,536,424","2,146,015","Trump, Donald J. ",Challenger,"3,090,729","Clinton, Hillary Rodham ",Challenger,Independent,"209,596","Johnson, Gary E. ",Challenger,"90,084","Stein Jill  (Independent) 76,802; Castle Darrell  (Independent) 1,138; McMullin Evan  (Independent) 11,655","944,714",D,38.76,55.83,3.79,1.63,40.98,59.02,,,
President,20161108,Indiana,11,0,0,"2,728,138","1,556,514","Trump, Donald J. ",Challenger,"1,035,956","Clinton, Hillary Rodham ",Challenger,Independent,"130,529","Johnson, Gary E. ",Challenger,"5,139","Stein Jill  (Independent) 3,638; Duncan Richard  (Write-in) 12; De La Fuente Roque  (Independent) 10; Castle Darrell  (Independent) 1,097","520,558",R,57.05,37.97,4.78,0.19,60.04,39.96,,,
President,20161108,Iowa,6,0,0,"1,566,031","800,983","Trump, Donald J. ",Challenger,"653,669","Clinton, Hillary Rodham ",Challenger,Independent,"59,186","Johnson, Gary E. ",Challenger,"52,193","Scattered Write-Ins  (Write-in) 17,746; Vacek  Dan  (Legal Marijuana Now) 2,246; Stein Jill  (Independent) 11,479; La Riva Gloria  (Write-in) 323; De La Fuente Roque  (Independent) 451; Castle Darrell  (Independent) 5,335; McMullin Evan  (Independent) 12,366","147,314",R,51.15,41.74,3.78,3.33,55.06,44.94,,,
President,20161108,Maine,1,3,0,"747,927","335,593","Trump, Donald J. ",Challenger,"357,735","Clinton, Hillary Rodham ",Challenger,Independent,"38,105","Johnson, Gary E. ",Challenger,"16,494","Stein Jill  (Independent) 14,251; Castle Darrell  (Independent) 333; McMullin Evan  (Independent) 1,887","22,142",D,44.87,47.83,5.09,2.21,48.40,51.60,,,
President,20161108,Massachusetts,0,11,0,"3,325,046","1,090,893","Trump, Donald J. ",Challenger,"1,995,196","Clinton, Hillary Rodham ",Challenger,Independent,"138,018","Johnson, Gary E. ",Challenger,"100,939","Scattered Write-Ins  (Write-in) 50,488; Stein Jill  (Independent) 47,661; McMullin Evan  (Independent) 2,719","904,303",D,32.81,60.01,4.15,3.04,35.35,64.65,,,
President,20161108,Michigan,16,0,0,"4,799,284","2,279,543","Trump, Donald J. ",Challenger,"2,268,839","Clinton, Hillary Rodham ",Challenger,Independent,"172,136","Johnson, Gary E. ",Challenger,"78,766","Stein Jill  (Independent) 51,463; Castle Darrell  (Independent) 16,139; McMullin Evan  (Independent) 8,177","10,704",R,47.50,47.27,3.59,1.64,50.12,49.88,,,
President,20161108,Kansas,6,0,0,"1,184,402","671,018","Trump, Donald J. ",Challenger,"427,005","Clinton, Hillary Rodham ",Challenger,Independent,"55,406","Johnson, Gary E. ",Challenger,"30,973","Stein Jill  (Independent) 23,506; La Riva Gloria  (Write-in) 7; De La Fuente Roque  (Independent) 3; Castle Darrell  (Independent) 646; McMullin Evan  (Independent) 6,520; Smith Mike  (Independent) 6","244,013",R,56.65,36.05,4.68,2.62,61.11,38.89,,,
President,20161108,Kentucky,8,0,0,"1,924,149","1,202,971","Trump, Donald J. ",Challenger,"628,854","Clinton, Hillary Rodham ",Challenger,Independent,"53,752","Johnson, Gary E. ",Challenger,"38,572","Stein Jill  (Independent) 13,913; Duncan Richard  (Write-in) 2; De La Fuente Roque  (Independent) 1,128; Castle Darrell  (Independent) 438; McMullin Evan  (Independent) 22,780; Smith Mike  (Independent) 9","574,117",R,62.52,32.68,2.79,2.00,65.67,34.33,,,
President,20161108,Louisiana,8,0,0,"2,029,032","1,178,638","Trump, Donald J. ",Challenger,"780,154","Clinton, Hillary Rodham ",Challenger,Independent,"37,978","Johnson, Gary E. ",Challenger,"32,262","Stein Jill  (Independent) 14,031; La Riva Gloria  (Write-in) 446; Castle Darrell  (Independent) 3,129; McMullin Evan  (Independent) 8,547; Kennedy Alyson  (Independent) 480","398,484",R,58.09,38.45,1.87,1.59,60.17,39.83,,,
President,20161108,Maryland,0,10,0,"2,781,446","943,169","Trump, Donald J. ",Challenger,"1,677,928","Clinton, Hillary Rodham ",Challenger,Independent,"79,605","Johnson, Gary E. ",Challenger,"80,744","Scattered Write-Ins  (Write-in) 33,263; Stein Jill  (Independent) 35,945; La Riva Gloria  (Write-in) 48; Duncan Richard  (Write-in) 18; De La Fuente Roque  (Independent) 14; Castle Darrell  (Independent) 566; McMullin Evan  (Independent) 9,630","734,759",D,33.91,60.33,2.86,2.90,35.98,64.02,,,
President,20161108,Minnesota,0,10,0,"2,944,813","1,322,951","Trump, Donald J. ",Challenger,"1,367,716","Clinton, Hillary Rodham ",Challenger,Independent,"112,972","Johnson, Gary E. ",Challenger,"141,174","Scattered Write-Ins  (Write-in) 27,263; Vacek  Dan  (Legal Marijuana Now) 11,291; Stein Jill  (Independent) 36,985; De La Fuente Roque  (Independent) 1,431; Castle Darrell  (Independent) 9,456; McMullin Evan  (Independent) 53,076; Kennedy Alyson  (Independent) 1,672","44,765",D,44.92,46.44,3.84,4.79,49.17,50.83,,,
President,20161108,Mississippi,6,0,0,"1,209,357","700,714","Trump, Donald J. ",Challenger,"485,131","Clinton, Hillary Rodham ",Challenger,Independent,"14,435","Johnson, Gary E. ",Challenger,"9,077","Stein Jill  (Independent) 3,731; De La Fuente Roque  (Independent) 644; Castle Darrell  (Independent) 3,987","215,583",R,57.94,40.11,1.19,0.75,59.09,40.91,,,
President,20161108,Missouri,10,0,0,"2,808,605","1,594,511","Trump, Donald J. ",Challenger,"1,071,068","Clinton, Hillary Rodham ",Challenger,Independent,"97,359","Johnson, Gary E. ",Challenger,"45,667","Stein Jill  (Independent) 25,419; De La Fuente Roque  (Independent) 6; Castle Darrell  (Independent) 13,092; McMullin Evan  (Independent) 7,071","523,443",R,56.77,38.14,3.47,1.63,59.82,40.18,,,
President,20161108,Montana,3,0,0,"497,147","279,240","Trump, Donald J. ",Challenger,"177,709","Clinton, Hillary Rodham ",Challenger,Independent,"28,037","Johnson, Gary E. ",Challenger,"12,161","Scattered Write-Ins  (Write-in) 2,621; Stein Jill  (Independent) 7,970; De La Fuente Roque  (Independent) 1,570","101,531",R,56.17,35.75,5.64,2.45,61.11,38.89,,,
President,20161108,Nebraska,5,0,0,"844,227","495,961","Trump, Donald J. ",Challenger,"284,494","Clinton, Hillary Rodham ",Challenger,Independent,"38,946","Johnson, Gary E. ",Challenger,"24,826","Scattered Write-Ins  (Write-in) 16,051; Stein Jill  (Independent) 8,775","211,467",R,58.75,33.70,4.61,2.94,63.55,36.45,,,
President,20161108,Nevada,0,6,0,"1,125,385","512,058","Trump, Donald J. ",Challenger,"539,260","Clinton, Hillary Rodham ",Challenger,Independent,"37,384","Johnson, Gary E. ",Challenger,"36,683","""None of These Candidates""  (No Party) 28,863; De La Fuente Roque  (Independent) 2,552; Castle Darrell  (Independent) 5,268","27,202",D,45.50,47.92,3.32,3.26,48.71,51.29,,,
President,20161108,New Hampshire,0,4,0,"756,325","345,790","Trump, Donald J. ",Challenger,"348,526","Clinton, Hillary Rodham ",Challenger,Independent,"30,777","Johnson, Gary E. ",Challenger,"31,232","Scattered Write-Ins  (Write-in) 24,058; Stein Jill  (Independent) 6,496; De La Fuente Roque  (Independent) 678","2,736",D,45.72,46.08,4.07,4.13,49.80,50.20,,,
President,20161108,New Jersey,0,14,0,"3,874,046","1,601,933","Trump, Donald J. ",Challenger,"2,148,278","Clinton, Hillary Rodham ",Challenger,Independent,"72,477","Johnson, Gary E. ",Challenger,"51,358","Stein Jill  (Independent) 37,772; La Riva Gloria  (Write-in) 1,682; De La Fuente Roque  (Independent) 1,838; Castle Darrell  (Independent) 6,161; Kennedy Alyson  (Independent) 2,156","546,345",D,41.35,55.45,1.87,1.33,42.72,57.28,,,
President,20161108,New Mexico,0,5,0,"798,319","319,667","Trump, Donald J. ",Challenger,"385,234","Clinton, Hillary Rodham ",Challenger,Independent,"74,541","Johnson, Gary E. ",Challenger,"18,877","Stein Jill  (Independent) 9,879; La Riva Gloria  (Write-in) 1,184; De La Fuente Roque  (Independent) 475; Castle Darrell  (Independent) 1,514; McMullin Evan  (Independent) 5,825","65,567",D,40.04,48.26,9.34,2.36,45.35,54.65,,,
President,20161108,New York,0,29,0,"7,721,442","2,819,533","Trump, Donald J. ",Challenger,"4,556,118","Clinton, Hillary Rodham ",Challenger,Independent,"176,598","Johnson, Gary E. ",Challenger,"169,193","Scattered Write-Ins  (Write-in) 48,343; Stein Jill  (Independent) 107,935; La Riva Gloria  (Write-in) 175; De La Fuente Roque  (Independent) 35; Castle Darrell  (Independent) 955; McMullin Evan  (Independent) 10,397","1,736,585",D,36.52,59.01,2.29,2.19,38.23,61.77,,,
President,20161108,North Carolina,15,0,0,"4,741,564","2,362,631","Trump, Donald J. ",Challenger,"2,189,316","Clinton, Hillary Rodham ",Challenger,Independent,"130,126","Johnson, Gary E. ",Challenger,"59,491","Scattered Write-Ins  (Write-in) 47,386; Stein Jill  (Independent) 12,105","173,315",R,49.83,46.17,2.74,1.25,51.90,48.10,,,
President,20161108,North Dakota,3,0,0,"344,360","216,794","Trump, Donald J. ",Challenger,"93,758","Clinton, Hillary Rodham ",Challenger,Independent,"21,434","Johnson, Gary E. ",Challenger,"12,374","Scattered Write-Ins  (Write-in) 6,397; Stein Jill  (Independent) 3,780; De La Fuente Roque  (Independent) 364; Castle Darrell  (Independent) 1,833","123,036",R,62.96,27.23,6.22,3.59,69.81,30.19,,,
President,20161108,Ohio,18,0,0,"5,496,487","2,841,005","Trump, Donald J. ",Challenger,"2,394,164","Clinton, Hillary Rodham ",Challenger,Independent,"174,498","Johnson, Gary E. ",Challenger,"86,820","Stein Jill  (Independent) 46,271; Duncan Richard  (Write-in) 24,235; Castle Darrell  (Independent) 1,887; McMullin Evan  (Independent) 12,574","446,841",R,51.69,43.56,3.17,1.58,54.27,45.73,,,
President,20161108,Oklahoma,7,0,0,"1,452,992","949,136","Trump, Donald J. ",Challenger,"420,375","Clinton, Hillary Rodham ",Challenger,Independent,"83,481","Johnson, Gary E. ",Challenger,N/A,,"528,761",R,65.32,28.93,5.75,0.00,69.30,30.70,,,
President,20161108,Oregon,0,7,0,"2,001,336","782,403","Trump, Donald J. ",Challenger,"1,002,106","Clinton, Hillary Rodham ",Challenger,Independent,"94,231","Johnson, Gary E. ",Challenger,"122,596","Scattered Write-Ins  (Write-in) 72,594; Stein Jill  (Independent) 50,002","219,703",D,39.09,50.07,4.71,6.13,43.84,56.16,,,
President,20161108,Pennsylvania,20,0,0,"6,165,478","2,970,733","Trump, Donald J. ",Challenger,"2,926,441","Clinton, Hillary Rodham ",Challenger,Independent,"146,715","Johnson, Gary E. ",Challenger,"121,589","Scattered Write-Ins  (Write-in) 43,604; Stein Jill  (Independent) 49,941; Castle Darrell  (Independent) 21,572; McMullin Evan  (Independent) 6,472","44,292",R,48.18,47.46,2.38,1.97,50.38,49.62,,,
President,20161108,Rhode Island,0,4,0,"464,144","180,543","Trump, Donald J. ",Challenger,"252,525","Clinton, Hillary Rodham ",Challenger,Independent,"14,746","Johnson, Gary E. ",Challenger,"16,330","Scattered Write-Ins  (Write-in) 9,439; Stein Jill  (Independent) 6,220; De La Fuente Roque  (Independent) 671","71,982",D,38.90,54.41,3.18,3.52,41.69,58.31,,,
President,20161108,South Carolina,9,0,0,"2,103,027","1,155,389","Trump, Donald J. ",Challenger,"855,373","Clinton, Hillary Rodham ",Challenger,Independent,"49,204","Johnson, Gary E. ",Challenger,"43,061","Stein Jill  (Independent) 13,034; Castle Darrell  (Independent) 5,765; McMullin Evan  (Independent) 21,016","300,016",R,54.94,40.67,2.34,2.05,57.46,42.54,,,
President,20161108,South Dakota,3,0,0,"370,093","227,721","Trump, Donald J. ",Challenger,"117,458","Clinton, Hillary Rodham ",Challenger,Independent,"20,850","Johnson, Gary E. ",Challenger,"4,064","Castle Darrell  (Independent) 4,064","110,263",R,61.53,31.74,5.63,1.10,65.97,34.03,,,
President,20161108,Tennessee,11,0,0,"2,508,027","1,522,925","Trump, Donald J. ",Challenger,"870,695","Clinton, Hillary Rodham ",Challenger,Independent,"70,397","Johnson, Gary E. ",Challenger,"44,010","Stein Jill  (Independent) 15,993; De La Fuente Roque  (Independent) 4,075; Castle Darrell  (Independent) 1,584; McMullin Evan  (Independent) 11,991; Smith Mike  (Independent) 7,276; Kennedy Alyson  (Independent) 2,877","652,230",R,60.72,34.72,2.81,1.75,63.62,36.38,,,
President,20161108,Texas,36,0,2,"8,969,226","4,685,047","Trump, Donald J. ",Challenger,"3,877,868","Clinton, Hillary Rodham ",Challenger,Independent,"283,492","Johnson, Gary E. ",Challenger,"122,819","Stein Jill  (Independent) 71,558; Castle Darrell  (Independent) 4,261; McMullin Evan  (Independent) 42,366","807,179",R,52.23,43.24,3.16,1.37,54.71,45.29,,,
President,20161108,Utah,6,0,0,"1,131,430","515,231","Trump, Donald J. ",Challenger,"310,676","Clinton, Hillary Rodham ",Challenger,Independent,"39,608","Johnson, Gary E. ",Challenger,"265,915","Scattered Write-Ins  (Write-in) 55; Stein Jill  (Independent) 9,438; De La Fuente Roque  (Independent) 883; Castle Darrell  (Independent) 8,032; McMullin Evan  (Independent) 243,690; Kennedy Alyson  (Independent) 521","204,555",R,45.54,27.46,3.50,23.50,62.38,37.62,,,
President,20161108,Vermont,0,3,0,"315,067","95,369","Trump, Donald J. ",Challenger,"178,573","Clinton, Hillary Rodham ",Challenger,Independent,"10,078","Johnson, Gary E. ",Challenger,"31,047","Scattered Write-Ins  (Write-in) 22,899; Stein Jill  (Independent) 6,758; La Riva Gloria  (Write-in) 327; De La Fuente Roque  (Independent) 1,063","83,204",D,30.27,56.68,3.20,9.85,34.81,65.19,,,
President,20161108,Virginia,0,13,0,"3,984,631","1,769,443","Trump, Donald J. ",Challenger,"1,981,473","Clinton, Hillary Rodham ",Challenger,Independent,"118,274","Johnson, Gary E. ",Challenger,"115,441","Scattered Write-Ins  (Write-in) 33,749; Stein Jill  (Independent) 27,638; McMullin Evan  (Independent) 54,054","212,030",D,44.41,49.73,2.97,2.90,47.17,52.83,,,
President,20161108,Washington,0,8,4,"3,317,019","1,221,747","Trump, Donald J. ",Challenger,"1,742,718","Clinton, Hillary Rodham ",Challenger,Independent,"160,879","Johnson, Gary E. ",Challenger,"191,675","Scattered Write-Ins  (Write-in) 107,805; Stein Jill  (Independent) 58,417; La Riva Gloria  (Write-in) 3,523; Castle Darrell  (Independent) 17,623; Kennedy Alyson  (Independent) 4,307","520,971",D,36.83,52.54,4.85,5.78,41.21,58.79,,,
President,20161108,West Virginia,5,0,0,"714,423","489,371","Trump, Donald J. ",Challenger,"188,794","Clinton, Hillary Rodham ",Challenger,Independent,"23,004","Johnson, Gary E. ",Challenger,"13,254","Scattered Write-Ins  (Write-in) 1,372; Stein Jill  (Independent) 8,075; Castle Darrell  (Independent) 3,807","300,577",R,68.50,26.43,3.22,1.86,72.16,27.84,,,
President,20161108,Wisconsin,10,0,0,"2,976,150","1,405,284","Trump, Donald J. ",Challenger,"1,382,536","Clinton, Hillary Rodham ",Challenger,Independent,"106,674","Johnson, Gary E. ",Challenger,"81,656","Scattered Write-Ins  (Write-in) 22,764; Stein Jill  (Independent) 31,072; De La Fuente Roque  (Independent) 1,502; Castle Darrell  (Independent) 12,162; McMullin Evan  (Independent) 11,855","22,748",R,47.22,46.45,3.58,2.74,50.41,49.59,,,
President,20161108,Wyoming,3,0,0,"255,849","174,419","Trump, Donald J. ",Challenger,"55,973","Clinton, Hillary Rodham ",Challenger,Independent,"13,287","Johnson, Gary E. ",Challenger,"12,170","Scattered Write-Ins  (Write-in) 6,904; Stein Jill  (Independent) 2,515; De La Fuente Roque  (Independent) 709; Castle Darrell  (Independent) 2,042","118,446",R,68.17,21.88,5.19,4.76,75.71,24.29,,,
,,,,,,,,,,,,,,,,,,,,,,,,,,,,,
AreaAll,ElectoralRepVotesAll,ElectoralDemVotesAll,ElectoralOtherVotesAll,TotalVotesAll,RepVotesAll,DemVotesAll,ThirdVotesAll,OtherVotesAll,PluralityVotesAll,PluralityPartyAll,RepVotesTotalPercentAll,DemVotesTotalPercentAll,ThirdVotesTotalPercentAll,OtherVotesTotalPercentAll,RepVotesMajorPercentAll,DemVotesMajorPercentAll,,,,,,,,,,,,,
United States,304,227,7,"136,674,476","62,984,052","65,856,340","4,485,877","3,348,207","2,872,288",D,46.08,48.18,3.28,2.45,48.89,51.11,,,,,,,,,,,,,
,,,,,,,,,,,,,,,,,,,,,,,,,,,,,
,,,,,,,,,,,,,,,,,,,,,,,,,,,,,
,,,,,,,,,,,,,,,,,,,,,,,,,,,,,
PRESIDENT 2012 State Summary,,,,,,,,,,,,,,,,,,,,,,,,,,,,,
,,,,,,,,,,,,,,,,,,,,,,,,,,,,,
Office,RaceDate,Area,ElectoralRepVotes,ElectoralDemVotes,ElectoralOtherVotes,TotalVotes,RepVotes,RepCandidate,RepStatus,DemVotes,DemCandidate,DemStatus,ThirdParty,ThirdVotes,ThirdCandidate,ThirdStatus,OtherVotes,OtherDetail,PluralityVotes,PluralityParty,RepVotesTotalPercent,DemVotesTotalPercent,ThirdVotesTotalPercent,OtherVotesTotalPercent,RepVotesMajorPercent,DemVotesMajorPercent,RaceNotes,PopularRaceNotes,ElectoralRaceNotes
President,20121106,Alabama,9,0,0,"2,074,338","1,255,925","Romney, W. Mitt  ",Challenger,"795,696","Obama, Barack H. ",Incumbent,Libertarian,"12,328","Johnson, Gary E. ",Challenger,"10,389","Stein Jill  (Green) 3,397; Goode Virgil H. Jr. (Write-in) 2,981; Scattered Write-Ins  (Write-in) 4,011","460,229",R,60.55,38.36,0.59,0.50,61.22,38.78,,,
President,20121106,Alaska,3,0,0,"300,495","164,676","Romney, W. Mitt  ",Challenger,"122,640","Obama, Barack H. ",Incumbent,Libertarian,"7,392","Johnson, Gary E. ",Challenger,"5,787","Stein Jill  (Green) 2,917; Scattered Write-Ins  (Write-in) 2,870","42,036",R,54.80,40.81,2.46,1.93,57.32,42.68,,,
President,20121106,Arizona,11,0,0,"2,299,254","1,233,654","Romney, W. Mitt  ",Challenger,"1,025,232","Obama, Barack H. ",Incumbent,Libertarian,"32,100","Johnson, Gary E. ",Challenger,"8,268","Stein Jill  (Green) 7,816; Goode Virgil H. Jr. (Write-in) 289; Scattered Write-Ins  (Write-in) 163","208,422",R,53.65,44.59,1.40,0.36,54.61,45.39,,,
President,20121106,Arkansas,6,0,0,"1,069,468","647,744","Romney, W. Mitt  ",Challenger,"394,409","Obama, Barack H. ",Incumbent,Libertarian,"16,276","Johnson, Gary E. ",Challenger,"11,039","Lindsay Peta  (Socialism and Liberation) 1,734; Stein Jill  (Green) 9,305","253,335",R,60.57,36.88,1.52,1.03,62.15,37.85,,,
President,20121106,California,0,55,0,"13,038,547","4,839,958","Romney, W. Mitt  ",Challenger,"7,854,285","Obama, Barack H. ",Incumbent,Libertarian,"143,221","Johnson, Gary E. ",Challenger,"201,083","Hoefling Thomas  (American Independent) 38,372; Barr Roseanne  (Peace and Freedom) 53,824; Paul Ron  (Write-in) 21,461; Stein Jill  (Green) 85,638; Goode Virgil H. Jr. (Write-in) 503; Scattered Write-Ins  (Write-in) 1,285","3,014,327",D,37.12,60.24,1.10,1.54,38.13,61.87,,,
President,20121106,Colorado,0,9,0,"2,569,522","1,185,243","Romney, W. Mitt  ",Challenger,"1,323,102","Obama, Barack H. ",Incumbent,Libertarian,"35,545","Johnson, Gary E. ",Challenger,"25,632","Hoefling Thomas  (American Independent) 679; Barr Roseanne  (Peace and Freedom) 5,059; Anderson Ross C.  (Justice) 1,260; Terry Randall  (Independent) 4; Stein Jill  (Green) 7,508; Goode Virgil H. Jr. (Write-in) 6,234","137,859",D,46.13,51.49,1.38,1.00,47.25,52.75,,,
President,20121106,Connecticut,0,7,0,"1,558,960","634,892","Romney, W. Mitt  ",Challenger,"905,083","Obama, Barack H. ",Incumbent,Libertarian,"12,580","Johnson, Gary E. ",Challenger,"6,405","Anderson Ross C.  (Justice) 5,487; Scattered Write-Ins  (Write-in) 918","270,191",D,40.73,58.06,0.81,0.41,41.23,58.77,,,
President,20121106,Delaware,0,3,0,"413,921","165,484","Romney, W. Mitt  ",Challenger,"242,584","Obama, Barack H. ",Incumbent,Libertarian,"3,882","Johnson, Gary E. ",Challenger,"1,971","Stein Jill  (Green) 1,940; Goode Virgil H. Jr. (Write-in) 23; Scattered Write-Ins  (Write-in) 8","77,100",D,39.98,58.61,0.94,0.48,40.55,59.45,,,
President,20121106,District of Columbia,0,3,0,"293,764","21,381","Romney, W. Mitt  ",Challenger,"267,070","Obama, Barack H. ",Incumbent,Libertarian,"2,083","Johnson, Gary E. ",Challenger,"3,230","Stein Jill  (Green) 2,458; Scattered Write-Ins  (Write-in) 772","245,689",D,7.28,90.91,0.71,1.10,7.41,92.59,,,
President,20121106,Florida,0,29,0,"8,474,179","4,163,447","Romney, W. Mitt  ",Challenger,"4,237,756","Obama, Barack H. ",Incumbent,Libertarian,"44,726","Johnson, Gary E. ",Challenger,"28,250","Hoefling Thomas  (American Independent) 946; Barr Roseanne  (Peace and Freedom) 8,154; Anderson Ross C.  (Justice) 1,754; Lindsay Peta  (Socialism and Liberation) 322; Stein Jill  (Green) 8,947; Goode Virgil H. Jr. (Write-in) 2,607; Scattered Write-Ins  (Write-in) 45","74,309",D,49.13,50.01,0.53,0.33,49.56,50.44,,,
President,20121106,Georgia,16,0,0,"3,900,050","2,078,688","Romney, W. Mitt  ",Challenger,"1,773,827","Obama, Barack H. ",Incumbent,Libertarian,"45,324","Johnson, Gary E. ",Challenger,"2,211","Stein Jill  (Green) 1,516; Goode Virgil H. Jr. (Write-in) 432; Scattered Write-Ins  (Write-in) 263","304,861",R,53.30,45.48,1.16,0.06,53.96,46.04,,,
President,20121106,Hawaii,0,4,0,"434,697","121,015","Romney, W. Mitt  ",Challenger,"306,658","Obama, Barack H. ",Incumbent,Libertarian,"3,840","Johnson, Gary E. ",Challenger,"3,184","Stein Jill  (Green) 3,184","185,643",D,27.84,70.55,0.88,0.73,28.30,71.70,,,
President,20121106,Idaho,4,0,0,"652,346","420,911","Romney, W. Mitt  ",Challenger,"212,787","Obama, Barack H. ",Incumbent,Libertarian,"9,453","Johnson, Gary E. ",Challenger,"9,195","Anderson Ross C.  (Justice) 2,499; Stein Jill  (Green) 4,402; Goode Virgil H. Jr. (Write-in) 2,222; Scattered Write-Ins  (Write-in) 72","208,124",R,64.52,32.62,1.45,1.41,66.42,33.58,,,
President,20121106,Illinois,0,20,0,"5,242,014","2,135,216","Romney, W. Mitt  ",Challenger,"3,019,512","Obama, Barack H. ",Incumbent,Libertarian,"56,229","Johnson, Gary E. ",Challenger,"31,057","Stein Jill  (Green) 30,222; Goode Virgil H. Jr. (Write-in) 415; Scattered Write-Ins  (Write-in) 420","884,296",D,40.73,57.60,1.07,0.59,41.42,58.58,,,
President,20121106,Indiana,11,0,0,"2,624,534","1,420,543","Romney, W. Mitt  ",Challenger,"1,152,887","Obama, Barack H. ",Incumbent,Libertarian,"50,111","Johnson, Gary E. ",Challenger,993,Stein Jill  (Green) 625; Goode Virgil H. Jr. (Write-in) 290; Scattered Write-Ins  (Write-in) 78,"267,656",R,54.13,43.93,1.91,0.04,55.20,44.80,,,
President,20121106,Iowa,0,6,0,"1,582,180","730,617","Romney, W. Mitt  ",Challenger,"822,544","Obama, Barack H. ",Incumbent,Libertarian,"12,926","Johnson, Gary E. ",Challenger,"16,093","Stein Jill  (Green) 3,769; Goode Virgil H. Jr. (Write-in) 3,038; Scattered Write-Ins  (Write-in) 7,442","91,927",D,46.18,51.99,0.82,1.02,47.04,52.96,,,
President,20121106,Kansas,6,0,0,"1,159,971","692,634","Romney, W. Mitt  ",Challenger,"440,726","Obama, Barack H. ",Incumbent,Libertarian,"20,456","Johnson, Gary E. ",Challenger,"6,155","Baldwin Chuck  (Reform) 5,017; Stein Jill  (Green) 714; Goode Virgil H. Jr. (Write-in) 187; Scattered Write-Ins  (Write-in) 237","251,908",R,59.71,37.99,1.76,0.53,61.11,38.89,,,
President,20121106,Maine,0,4,0,"713,180","292,276","Romney, W. Mitt  ",Challenger,"401,306","Obama, Barack H. ",Incumbent,Libertarian,"9,352","Johnson, Gary E. ",Challenger,"10,246","Paul Ron  (Write-in) 2,035; Stein Jill  (Green) 8,119; Scattered Write-Ins  (Write-in) 92","109,030",D,40.98,56.27,1.31,1.44,42.14,57.86,,,
President,20121106,Maryland,0,10,0,"2,707,327","971,869","Romney, W. Mitt  ",Challenger,"1,677,844","Obama, Barack H. ",Incumbent,Libertarian,"30,195","Johnson, Gary E. ",Challenger,"27,419","Stein Jill  (Green) 17,110; Goode Virgil H. Jr. (Write-in) 418; Scattered Write-Ins  (Write-in) 9,891","705,975",D,35.90,61.97,1.12,1.01,36.68,63.32,,,
President,20121106,Massachusetts,0,11,0,"3,167,767","1,188,314","Romney, W. Mitt  ",Challenger,"1,921,290","Obama, Barack H. ",Incumbent,Libertarian,"30,920","Johnson, Gary E. ",Challenger,"27,243","Stein Jill  (Green) 20,691; Scattered Write-Ins  (Write-in) 6,552","732,976",D,37.51,60.65,0.98,0.86,38.21,61.79,,,
President,20121106,Kentucky,8,0,0,"1,797,212","1,087,190","Romney, W. Mitt  ",Challenger,"679,370","Obama, Barack H. ",Incumbent,Libertarian,"17,063","Johnson, Gary E. ",Challenger,"13,589","Terry Randall  (Independent) 6,872; Stein Jill  (Green) 6,337; Goode Virgil H. Jr. (Write-in) 245; Scattered Write-Ins  (Write-in) 135","407,820",R,60.49,37.80,0.95,0.76,61.54,38.46,,,
President,20121106,Louisiana,8,0,0,"1,994,065","1,152,262","Romney, W. Mitt  ",Challenger,"809,141","Obama, Barack H. ",Incumbent,Libertarian,"18,157","Johnson, Gary E. ",Challenger,"14,505","Anderson Ross C.  (Justice) 1,368; Lindsay Peta  (Socialism and Liberation) 622; Stein Jill  (Green) 6,978; Goode Virgil H. Jr. (Write-in) 2,508","343,121",R,57.78,40.58,0.91,0.73,58.75,41.25,,,
President,20121106,Michigan,0,16,0,"4,730,961","2,115,256","Romney, W. Mitt  ",Challenger,"2,564,569","Obama, Barack H. ",Incumbent,Libertarian,"7,774","Johnson, Gary E. ",Challenger,"43,362","Anderson Ross C.  (Justice) 5,147; Stein Jill  (Green) 21,897; Goode Virgil H. Jr. (Write-in) 16,119; Scattered Write-Ins  (Write-in) 199","449,313",D,44.71,54.21,0.16,0.92,45.20,54.80,,,
President,20121106,Minnesota,0,10,0,"2,936,561","1,320,225","Romney, W. Mitt  ",Challenger,"1,546,167","Obama, Barack H. ",Incumbent,Libertarian,"35,098","Johnson, Gary E. ",Challenger,"35,071","Anderson Ross C.  (Justice) 1,996; Lindsay Peta  (Socialism and Liberation) 397; Stein Jill  (Green) 13,023; Goode Virgil H. Jr. (Write-in) 3,722; Scattered Write-Ins  (Write-in) 10,641","225,942",D,44.96,52.65,1.20,1.19,46.06,53.94,,,
President,20121106,Mississippi,6,0,0,"1,285,584","710,746","Romney, W. Mitt  ",Challenger,"562,949","Obama, Barack H. ",Incumbent,Libertarian,"6,676","Johnson, Gary E. ",Challenger,"5,213","Stein Jill  (Green) 1,588; Goode Virgil H. Jr. (Write-in) 2,609","147,797",R,55.29,43.79,0.52,0.41,55.80,44.20,,,
President,20121106,Missouri,10,0,0,"2,757,323","1,482,440","Romney, W. Mitt  ",Challenger,"1,223,796","Obama, Barack H. ",Incumbent,Libertarian,"43,151","Johnson, Gary E. ",Challenger,"7,936","Goode Virgil H. Jr. (Write-in) 7,936","258,644",R,53.76,44.38,1.56,0.29,54.78,45.22,,,
President,20121106,Montana,3,0,0,"484,048","267,928","Romney, W. Mitt  ",Challenger,"201,839","Obama, Barack H. ",Incumbent,Libertarian,"14,165","Johnson, Gary E. ",Challenger,116,Goode Virgil H. Jr. (Write-in) 39; Scattered Write-Ins  (Write-in) 77,"66,089",R,55.35,41.70,2.93,0.02,57.03,42.97,,,
President,20121106,Nebraska,5,0,0,"794,379","475,064","Romney, W. Mitt  ",Challenger,"302,081","Obama, Barack H. ",Incumbent,Libertarian,"11,109","Johnson, Gary E. ",Challenger,"6,125","Terry Randall  (Independent) 2,408; Scattered Write-Ins  (Write-in) 3,717","172,983",R,59.80,38.03,1.40,0.77,61.13,38.87,,,
President,20121106,Nevada,0,6,0,"1,014,918","463,567","Romney, W. Mitt  ",Challenger,"531,373","Obama, Barack H. ",Incumbent,Libertarian,"10,968","Johnson, Gary E. ",Challenger,"9,010","Goode Virgil H. Jr. (Write-in) 3,240; ""None of These Candidates""  (No Party Affiliation) 5,770","67,806",D,45.68,52.36,1.08,0.89,46.59,53.41,,,
President,20121106,New Hampshire,0,4,0,"710,972","329,918","Romney, W. Mitt  ",Challenger,"369,561","Obama, Barack H. ",Incumbent,Libertarian,"8,212","Johnson, Gary E. ",Challenger,"3,281","Paul Ron  (Write-in) 1,374; Stein Jill  (Green) 324; Goode Virgil H. Jr. (Write-in) 708; Scattered Write-Ins  (Write-in) 875","39,643",D,46.40,51.98,1.16,0.46,47.17,52.83,,,
President,20121106,New Jersey,0,14,0,"3,640,292","1,477,568","Romney, W. Mitt  ",Challenger,"2,125,101","Obama, Barack H. ",Incumbent,Libertarian,"21,045","Johnson, Gary E. ",Challenger,"16,578","Anderson Ross C.  (Justice) 1,724; Lindsay Peta  (Socialism and Liberation) 521; Stein Jill  (Green) 9,888; Goode Virgil H. Jr. (Write-in) 2,064","647,533",D,40.59,58.38,0.58,0.46,41.01,58.99,,,
President,20121106,New Mexico,0,5,0,"783,757","335,788","Romney, W. Mitt  ",Challenger,"415,335","Obama, Barack H. ",Incumbent,Libertarian,"27,787","Johnson, Gary E. ",Challenger,"4,847","Anderson Ross C.  (Justice) 1,174; Stein Jill  (Green) 2,691; Goode Virgil H. Jr. (Write-in) 982","79,547",D,42.84,52.99,3.55,0.62,44.70,55.30,,,
President,20121106,New York,0,29,0,"7,081,159","2,490,431","Romney, W. Mitt  ",Challenger,"4,485,741","Obama, Barack H. ",Incumbent,Libertarian,"47,256","Johnson, Gary E. ",Challenger,"57,731","Lindsay Peta  (Socialism and Liberation) 2,050; Stein Jill  (Green) 39,982; Goode Virgil H. Jr. (Write-in) 6,274; Scattered Write-Ins  (Write-in) 9,425","1,995,310",D,35.17,63.35,0.67,0.82,35.70,64.30,,,
President,20121106,North Carolina,15,0,0,"4,505,372","2,270,395","Romney, W. Mitt  ",Challenger,"2,178,391","Obama, Barack H. ",Incumbent,Libertarian,"44,515","Johnson, Gary E. ",Challenger,"12,071","Goode Virgil H. Jr. (Write-in) 534; Scattered Write-Ins  (Write-in) 11,537","92,004",R,50.39,48.35,0.99,0.27,51.03,48.97,,,
President,20121106,North Dakota,3,0,0,"322,627","188,163","Romney, W. Mitt  ",Challenger,"124,827","Obama, Barack H. ",Incumbent,Libertarian,"5,231","Johnson, Gary E. ",Challenger,"4,406","Stein Jill  (Green) 1,361; Goode Virgil H. Jr. (Write-in) 1,185; Scattered Write-Ins  (Write-in) 1,860","63,336",R,58.32,38.69,1.62,1.37,60.12,39.88,,,
President,20121106,Ohio,0,18,0,"5,580,840","2,661,433","Romney, W. Mitt  ",Challenger,"2,827,710","Obama, Barack H. ",Incumbent,Libertarian,"49,493","Johnson, Gary E. ",Challenger,"42,204","Stein Jill  (Green) 18,574; Goode Virgil H. Jr. (Write-in) 8,151; Scattered Write-Ins  (Write-in) 33; Duncan Richard  (Independent) 12,502","166,277",D,47.69,50.67,0.89,0.76,48.49,51.51,,,
President,20121106,Oklahoma,7,0,0,"1,334,872","891,325","Romney, W. Mitt  ",Challenger,"443,547","Obama, Barack H. ",Incumbent,Libertarian,N/A,"Johnson, Gary E. ",Challenger,N/A,,"447,778",R,66.77,33.23,0.00,0.00,66.77,33.23,,,
President,20121106,Oregon,0,7,0,"1,789,270","754,175","Romney, W. Mitt  ",Challenger,"970,488","Obama, Barack H. ",Incumbent,Libertarian,"24,089","Johnson, Gary E. ",Challenger,"40,518","Anderson Ross C.  (Justice) 3,384; Stein Jill  (Green) 19,427; Scattered Write-Ins  (Write-in) 13,275","216,313",D,42.15,54.24,1.35,2.26,43.73,56.27,,,
President,20121106,Pennsylvania,0,20,0,"5,753,670","2,680,434","Romney, W. Mitt  ",Challenger,"2,990,274","Obama, Barack H. ",Incumbent,Libertarian,"49,991","Johnson, Gary E. ",Challenger,"32,971","Stein Jill  (Green) 21,341; Goode Virgil H. Jr. (Write-in) 383; Scattered Write-Ins  (Write-in) 11,247","309,840",D,46.59,51.97,0.87,0.57,47.27,52.73,,,
President,20121106,Rhode Island,0,4,0,"446,049","157,204","Romney, W. Mitt  ",Challenger,"279,677","Obama, Barack H. ",Incumbent,Libertarian,"4,388","Johnson, Gary E. ",Challenger,"4,780","Anderson Ross C.  (Justice) 416; Lindsay Peta  (Socialism and Liberation) 132; Stein Jill  (Green) 2,421; Goode Virgil H. Jr. (Write-in) 430; Scattered Write-Ins  (Write-in) 1,381","122,473",D,35.24,62.70,0.98,1.07,35.98,64.02,,,
President,20121106,South Carolina,9,0,0,"1,964,118","1,071,645","Romney, W. Mitt  ",Challenger,"865,941","Obama, Barack H. ",Incumbent,Libertarian,"16,321","Johnson, Gary E. ",Challenger,"10,211","Stein Jill  (Green) 5,446; Goode Virgil H. Jr. (Write-in) 4,765","205,704",R,54.56,44.09,0.83,0.52,55.31,44.69,,,
President,20121106,South Dakota,3,0,0,"363,815","210,610","Romney, W. Mitt  ",Challenger,"145,039","Obama, Barack H. ",Incumbent,Libertarian,"5,795","Johnson, Gary E. ",Challenger,"2,371","Goode Virgil H. Jr. (Write-in) 2,371","65,571",R,57.89,39.87,1.59,0.65,59.22,40.78,,,
President,20121106,Tennessee,11,0,0,"2,458,577","1,462,330","Romney, W. Mitt  ",Challenger,"960,709","Obama, Barack H. ",Incumbent,Libertarian,"18,623","Johnson, Gary E. ",Challenger,"16,915","Anderson Ross C.  (Justice) 2,639; Stein Jill  (Green) 6,515; Goode Virgil H. Jr. (Write-in) 6,022","501,621",R,59.48,39.08,0.76,0.69,60.35,39.65,,,
President,20121106,Texas,38,0,0,"7,993,851","4,569,843","Romney, W. Mitt  ",Challenger,"3,308,124","Obama, Barack H. ",Incumbent,Libertarian,"88,580","Johnson, Gary E. ",Challenger,"27,304","Stein Jill  (Green) 24,657; Goode Virgil H. Jr. (Write-in) 1,287; Scattered Write-Ins  (Write-in) 1,360","1,261,719",R,57.17,41.38,1.11,0.34,58.01,41.99,,,
President,20121106,Utah,6,0,0,"1,017,440","740,600","Romney, W. Mitt  ",Challenger,"251,813","Obama, Barack H. ",Incumbent,Libertarian,"12,572","Johnson, Gary E. ",Challenger,"12,455","Anderson Ross C.  (Justice) 5,335; Stein Jill  (Green) 3,817; Goode Virgil H. Jr. (Write-in) 2,871; Scattered Write-Ins  (Write-in) 39","488,787",R,72.79,24.75,1.24,1.22,74.63,25.37,,,
President,20121106,Vermont,0,3,0,"299,290","92,698","Romney, W. Mitt  ",Challenger,"199,239","Obama, Barack H. ",Incumbent,Libertarian,"3,487","Johnson, Gary E. ",Challenger,"3,866","Anderson Ross C.  (Justice) 1,128; Lindsay Peta  (Socialism and Liberation) 695; Scattered Write-Ins  (Write-in) 2,043","106,541",D,30.97,66.57,1.17,1.29,31.75,68.25,,,
President,20121106,Virginia,0,13,0,"3,854,489","1,822,522","Romney, W. Mitt  ",Challenger,"1,971,820","Obama, Barack H. ",Incumbent,Libertarian,"31,216","Johnson, Gary E. ",Challenger,"28,931","Stein Jill  (Green) 8,627; Goode Virgil H. Jr. (Write-in) 13,058; Scattered Write-Ins  (Write-in) 7,246","149,298",D,47.28,51.16,0.81,0.75,48.03,51.97,,,
President,20121106,Washington,0,12,0,"3,125,516","1,290,670","Romney, W. Mitt  ",Challenger,"1,755,396","Obama, Barack H. ",Incumbent,Libertarian,"42,202","Johnson, Gary E. ",Challenger,"37,248","Anderson Ross C.  (Justice) 4,946; Lindsay Peta  (Socialism and Liberation) 1,318; Stein Jill  (Green) 20,928; Goode Virgil H. Jr. (Write-in) 8,851","464,726",D,41.29,56.16,1.35,1.19,42.37,57.63,,,
President,20121106,West Virginia,5,0,0,"670,438","417,655","Romney, W. Mitt  ",Challenger,"238,269","Obama, Barack H. ",Incumbent,Libertarian,"6,302","Johnson, Gary E. ",Challenger,"8,212","Terry Randall  (Independent) 3,806; Stein Jill  (Green) 4,406","179,386",R,62.30,35.54,0.94,1.22,63.67,36.33,,,
President,20121106,Wisconsin,0,10,0,"3,068,380","1,407,966","Romney, W. Mitt  ",Challenger,"1,620,985","Obama, Barack H. ",Incumbent,Libertarian,"20,439","Johnson, Gary E. ",Challenger,"18,990","Stein Jill  (Green) 7,665; Goode Virgil H. Jr. (Write-in) 4,876; Scattered Write-Ins  (Write-in) 5,370","213,019",D,45.89,52.83,0.67,0.62,46.48,53.52,,,
President,20121106,Wyoming,3,0,0,"249,061","170,962","Romney, W. Mitt  ",Challenger,"69,286","Obama, Barack H. ",Incumbent,Libertarian,"5,326","Johnson, Gary E. ",Challenger,"3,487","Goode Virgil H. Jr. (Write-in) 1,452; Scattered Write-Ins  (Write-in) 2,035","101,676",R,68.64,27.82,2.14,1.40,71.16,28.84,,,
,,,,,,,,,,,,,,,,,,,,,,,,,,,,,
AreaAll,ElectoralRepVotesAll,ElectoralDemVotesAll,ElectoralOtherVotesAll,TotalVotesAll,RepVotesAll,DemVotesAll,ThirdVotesAll,OtherVotesAll,PluralityVotesAll,PluralityPartyAll,RepVotesTotalPercentAll,DemVotesTotalPercentAll,ThirdVotesTotalPercentAll,OtherVotesTotalPercentAll,RepVotesMajorPercentAll,DemVotesMajorPercentAll,,,,,,,,,,,,,
United States,206,332,0,"129,085,420","60,933,500","65,915,796","1,275,970","960,154","4,982,296",D,47.20,51.06,0.99,0.74,48.04,51.96,,,,,,,,,,,,,
,,,,,,,,,,,,,,,,,,,,,,,,,,,,,
,,,,,,,,,,,,,,,,,,,,,,,,,,,,,
,,,,,,,,,,,,,,,,,,,,,,,,,,,,,
PRESIDENT 2008 State Summary,,,,,,,,,,,,,,,,,,,,,,,,,,,,,
,,,,,,,,,,,,,,,,,,,,,,,,,,,,,
Office,RaceDate,Area,ElectoralRepVotes,ElectoralDemVotes,ElectoralOtherVotes,TotalVotes,RepVotes,RepCandidate,RepStatus,DemVotes,DemCandidate,DemStatus,ThirdParty,ThirdVotes,ThirdCandidate,ThirdStatus,OtherVotes,OtherDetail,PluralityVotes,PluralityParty,RepVotesTotalPercent,DemVotesTotalPercent,ThirdVotesTotalPercent,OtherVotesTotalPercent,RepVotesMajorPercent,DemVotesMajorPercent,RaceNotes,PopularRaceNotes,ElectoralRaceNotes
President,20081104,Alabama,9,0,0,"2,099,819","1,266,546","McCain, John S. III",Challenger,"813,479","Obama, Barack H. ",Challenger,N/A,N/A,N/A,N/A,"19,794",,"453,067",R,60.32,38.74,0.00,0.94,60.89,39.11,,,
President,20081104,Alaska,3,0,0,"326,197","193,841","McCain, John S. III",Challenger,"123,594","Obama, Barack H. ",Challenger,N/A,N/A,N/A,N/A,"8,762",,"70,247",R,59.42,37.89,0.00,2.69,61.06,38.94,,,
President,20081104,Arizona,10,0,0,"2,293,475","1,230,111","McCain, John S. III",Challenger,"1,034,707","Obama, Barack H. ",Challenger,N/A,N/A,N/A,N/A,"28,657",,"195,404",R,53.64,45.12,0.00,1.25,54.31,45.69,,,
President,20081104,Arkansas,6,0,0,"1,086,617","638,017","McCain, John S. III",Challenger,"422,310","Obama, Barack H. ",Challenger,N/A,N/A,N/A,N/A,"26,290",,"215,707",R,58.72,38.86,0.00,2.42,60.17,39.83,,,
President,20081104,California,0,55,0,"13,561,900","5,011,781","McCain, John S. III",Challenger,"8,274,473","Obama, Barack H. ",Challenger,N/A,N/A,N/A,N/A,"275,646",,"3,262,692",D,36.95,61.01,0.00,2.03,37.72,62.28,,,
President,20081104,Colorado,0,9,0,"2,401,462","1,073,629","McCain, John S. III",Challenger,"1,288,633","Obama, Barack H. ",Challenger,N/A,N/A,N/A,N/A,"39,200",,"215,004",D,44.71,53.66,0.00,1.63,45.45,54.55,,,
President,20081104,Connecticut,0,7,0,"1,646,792","629,428","McCain, John S. III",Challenger,"997,772","Obama, Barack H. ",Challenger,N/A,N/A,N/A,N/A,"19,592",,"368,344",D,38.22,60.59,0.00,1.19,38.68,61.32,,,
President,20081104,Delaware,0,3,0,"412,412","152,374","McCain, John S. III",Challenger,"255,459","Obama, Barack H. ",Challenger,N/A,N/A,N/A,N/A,"4,579",,"103,085",D,36.95,61.94,0.00,1.11,37.36,62.64,,,
President,20081104,District of Columbia,0,3,0,"265,853","17,367","McCain, John S. III",Challenger,"245,800","Obama, Barack H. ",Challenger,N/A,N/A,N/A,N/A,"2,686",,"228,433",D,6.53,92.46,0.00,1.01,6.60,93.40,,,
President,20081104,Florida,0,27,0,"8,390,744","4,045,624","McCain, John S. III",Challenger,"4,282,074","Obama, Barack H. ",Challenger,N/A,N/A,N/A,N/A,"63,046",,"236,450",D,48.22,51.03,0.00,0.75,48.58,51.42,,,
President,20081104,Georgia,15,0,0,"3,924,486","2,048,759","McCain, John S. III",Challenger,"1,844,123","Obama, Barack H. ",Challenger,N/A,N/A,N/A,N/A,"31,604",,"204,636",R,52.20,46.99,0.00,0.81,52.63,47.37,,,
President,20081104,Hawaii,0,4,0,"453,568","120,566","McCain, John S. III",Challenger,"325,871","Obama, Barack H. ",Challenger,N/A,N/A,N/A,N/A,"7,131",,"205,305",D,26.58,71.85,0.00,1.57,27.01,72.99,,,
President,20081104,Idaho,4,0,0,"655,122","403,012","McCain, John S. III",Challenger,"236,440","Obama, Barack H. ",Challenger,N/A,N/A,N/A,N/A,"15,670",,"166,572",R,61.52,36.09,0.00,2.39,63.02,36.98,,,
President,20081104,Illinois,0,21,0,"5,522,371","2,031,179","McCain, John S. III",Challenger,"3,419,348","Obama, Barack H. ",Challenger,N/A,N/A,N/A,N/A,"71,844",,"1,388,169",D,36.78,61.92,0.00,1.30,37.27,62.73,,,
President,20081104,Indiana,0,11,0,"2,751,054","1,345,648","McCain, John S. III",Challenger,"1,374,039","Obama, Barack H. ",Challenger,N/A,N/A,N/A,N/A,"31,367",,"28,391",D,48.91,49.95,0.00,1.14,49.48,50.52,,,
President,20081104,Iowa,0,7,0,"1,537,123","682,379","McCain, John S. III",Challenger,"828,940","Obama, Barack H. ",Challenger,N/A,N/A,N/A,N/A,"25,804",,"146,561",D,44.39,53.93,0.00,1.68,45.15,54.85,,,
President,20081104,Kansas,6,0,0,"1,235,872","699,655","McCain, John S. III",Challenger,"514,765","Obama, Barack H. ",Challenger,N/A,N/A,N/A,N/A,"21,452",,"184,890",R,56.61,41.65,0.00,1.74,57.61,42.39,,,
President,20081104,Kentucky,8,0,0,"1,826,620","1,048,462","McCain, John S. III",Challenger,"751,985","Obama, Barack H. ",Challenger,N/A,N/A,N/A,N/A,"26,173",,"296,477",R,57.40,41.17,0.00,1.43,58.23,41.77,,,
President,20081104,Louisiana,9,0,0,"1,960,761","1,148,275","McCain, John S. III",Challenger,"782,989","Obama, Barack H. ",Challenger,N/A,N/A,N/A,N/A,"29,497",,"365,286",R,58.56,39.93,0.00,1.50,59.46,40.54,,,
President,20081104,Maine,0,4,0,"731,163","295,273","McCain, John S. III",Challenger,"421,923","Obama, Barack H. ",Challenger,N/A,N/A,N/A,N/A,"13,967",,"126,650",D,40.38,57.71,0.00,1.91,41.17,58.83,,,
President,20081104,Maryland,0,10,0,"2,631,596","959,862","McCain, John S. III",Challenger,"1,629,467","Obama, Barack H. ",Challenger,N/A,N/A,N/A,N/A,"42,267",,"669,605",D,36.47,61.92,0.00,1.61,37.07,62.93,,,
President,20081104,Massachusetts,0,12,0,"3,080,985","1,108,854","McCain, John S. III",Challenger,"1,904,097","Obama, Barack H. ",Challenger,N/A,N/A,N/A,N/A,"68,034",,"795,243",D,35.99,61.80,0.00,2.21,36.80,63.20,,,
President,20081104,Michigan,0,17,0,"5,001,766","2,048,639","McCain, John S. III",Challenger,"2,872,579","Obama, Barack H. ",Challenger,N/A,N/A,N/A,N/A,"80,548",,"823,940",D,40.96,57.43,0.00,1.61,41.63,58.37,,,
President,20081104,Minnesota,0,10,0,"2,910,369","1,275,409","McCain, John S. III",Challenger,"1,573,354","Obama, Barack H. ",Challenger,N/A,N/A,N/A,N/A,"61,606",,"297,945",D,43.82,54.06,0.00,2.12,44.77,55.23,,,
President,20081104,Mississippi,6,0,0,"1,289,865","724,597","McCain, John S. III",Challenger,"554,662","Obama, Barack H. ",Challenger,N/A,N/A,N/A,N/A,"10,606",,"169,935",R,56.18,43.00,0.00,0.82,56.64,43.36,,,
President,20081104,Missouri,11,0,0,"2,925,205","1,445,814","McCain, John S. III",Challenger,"1,441,911","Obama, Barack H. ",Challenger,N/A,N/A,N/A,N/A,"37,480",,"3,903",R,49.43,49.29,0.00,1.28,50.07,49.93,,,
President,20081104,Montana,3,0,0,"490,302","242,763","McCain, John S. III",Challenger,"231,667","Obama, Barack H. ",Challenger,N/A,N/A,N/A,N/A,"15,872",,"11,096",R,49.51,47.25,0.00,3.24,51.17,48.83,,,
President,20081104,Nebraska,4,1,0,"801,281","452,979","McCain, John S. III",Challenger,"333,319","Obama, Barack H. ",Challenger,N/A,N/A,N/A,N/A,"14,983",,"119,660",R,56.53,41.60,0.00,1.87,57.61,42.39,,,
President,20081104,Nevada,0,5,0,"967,848","412,827","McCain, John S. III",Challenger,"533,736","Obama, Barack H. ",Challenger,N/A,N/A,N/A,N/A,"21,285",,"120,909",D,42.65,55.15,0.00,2.20,43.61,56.39,,,
President,20081104,New Hampshire,0,4,0,"710,970","316,534","McCain, John S. III",Challenger,"384,826","Obama, Barack H. ",Challenger,N/A,N/A,N/A,N/A,"9,610",,"68,292",D,44.52,54.13,0.00,1.35,45.13,54.87,,,
President,20081104,New Jersey,0,15,0,"3,868,237","1,613,207","McCain, John S. III",Challenger,"2,215,422","Obama, Barack H. ",Challenger,N/A,N/A,N/A,N/A,"39,608",,"602,215",D,41.70,57.27,0.00,1.02,42.14,57.86,,,
President,20081104,New Mexico,0,5,0,"830,158","346,832","McCain, John S. III",Challenger,"472,422","Obama, Barack H. ",Challenger,N/A,N/A,N/A,N/A,"10,904",,"125,590",D,41.78,56.91,0.00,1.31,42.34,57.66,,,
President,20081104,New York,0,31,0,"7,640,931","2,752,771","McCain, John S. III",Challenger,"4,804,945","Obama, Barack H. ",Challenger,N/A,N/A,N/A,N/A,"83,215",,"2,052,174",D,36.03,62.88,0.00,1.09,36.42,63.58,,,
President,20081104,North Carolina,0,15,0,"4,310,789","2,128,474","McCain, John S. III",Challenger,"2,142,651","Obama, Barack H. ",Challenger,N/A,N/A,N/A,N/A,"39,664",,"14,177",D,49.38,49.70,0.00,0.92,49.83,50.17,,,
President,20081104,North Dakota,3,0,0,"316,621","168,601","McCain, John S. III",Challenger,"141,278","Obama, Barack H. ",Challenger,N/A,N/A,N/A,N/A,"6,742",,"27,323",R,53.25,44.62,0.00,2.13,54.41,45.59,,,
President,20081104,Ohio,0,20,0,"5,708,350","2,677,820","McCain, John S. III",Challenger,"2,940,044","Obama, Barack H. ",Challenger,N/A,N/A,N/A,N/A,"90,486",,"262,224",D,46.91,51.50,0.00,1.59,47.67,52.33,,,
President,20081104,Oklahoma,7,0,0,"1,462,661","960,165","McCain, John S. III",Challenger,"502,496","Obama, Barack H. ",Challenger,N/A,N/A,N/A,N/A,N/A,,"457,669",R,65.65,34.35,0.00,0.00,65.65,34.35,,,
President,20081104,Oregon,0,7,0,"1,827,864","738,475","McCain, John S. III",Challenger,"1,037,291","Obama, Barack H. ",Challenger,N/A,N/A,N/A,N/A,"52,098",,"298,816",D,40.40,56.75,0.00,2.85,41.59,58.41,,,
President,20081104,Pennsylvania,0,21,0,"6,013,272","2,655,885","McCain, John S. III",Challenger,"3,276,363","Obama, Barack H. ",Challenger,N/A,N/A,N/A,N/A,"81,024",,"620,478",D,44.17,54.49,0.00,1.35,44.77,55.23,,,
President,20081104,Rhode Island,0,4,0,"471,766","165,391","McCain, John S. III",Challenger,"296,571","Obama, Barack H. ",Challenger,N/A,N/A,N/A,N/A,"9,804",,"131,180",D,35.06,62.86,0.00,2.08,35.80,64.20,,,
President,20081104,South Carolina,8,0,0,"1,920,969","1,034,896","McCain, John S. III",Challenger,"862,449","Obama, Barack H. ",Challenger,N/A,N/A,N/A,N/A,"23,624",,"172,447",R,53.87,44.90,0.00,1.23,54.54,45.46,,,
President,20081104,South Dakota,3,0,0,"381,975","203,054","McCain, John S. III",Challenger,"170,924","Obama, Barack H. ",Challenger,N/A,N/A,N/A,N/A,"7,997",,"32,130",R,53.16,44.75,0.00,2.09,54.30,45.70,,,
President,20081104,Tennessee,11,0,0,"2,599,749","1,479,178","McCain, John S. III",Challenger,"1,087,437","Obama, Barack H. ",Challenger,N/A,N/A,N/A,N/A,"33,134",,"391,741",R,56.90,41.83,0.00,1.27,57.63,42.37,,,
President,20081104,Texas,34,0,0,"8,077,795","4,479,328","McCain, John S. III",Challenger,"3,528,633","Obama, Barack H. ",Challenger,N/A,N/A,N/A,N/A,"69,834",,"950,695",R,55.45,43.68,0.00,0.86,55.94,44.06,,,
President,20081104,Utah,5,0,0,"952,370","596,030","McCain, John S. III",Challenger,"327,670","Obama, Barack H. ",Challenger,N/A,N/A,N/A,N/A,"28,670",,"268,360",R,62.58,34.41,0.00,3.01,64.53,35.47,,,
President,20081104,Vermont,0,3,0,"325,046","98,974","McCain, John S. III",Challenger,"219,262","Obama, Barack H. ",Challenger,N/A,N/A,N/A,N/A,"6,810",,"120,288",D,30.45,67.46,0.00,2.10,31.10,68.90,,,
President,20081104,Virginia,0,13,0,"3,723,260","1,725,005","McCain, John S. III",Challenger,"1,959,532","Obama, Barack H. ",Challenger,N/A,N/A,N/A,N/A,"38,723",,"234,527",D,46.33,52.63,0.00,1.04,46.82,53.18,,,
President,20081104,Washington,0,11,0,"3,036,878","1,229,216","McCain, John S. III",Challenger,"1,750,848","Obama, Barack H. ",Challenger,N/A,N/A,N/A,N/A,"56,814",,"521,632",D,40.48,57.65,0.00,1.87,41.25,58.75,,,
President,20081104,West Virginia,5,0,0,"713,451","397,466","McCain, John S. III",Challenger,"303,857","Obama, Barack H. ",Challenger,N/A,N/A,N/A,N/A,"12,128",,"93,609",R,55.71,42.59,0.00,1.70,56.67,43.33,,,
President,20081104,Wisconsin,0,10,0,"2,983,417","1,262,393","McCain, John S. III",Challenger,"1,677,211","Obama, Barack H. ",Challenger,N/A,N/A,N/A,N/A,"43,813",,"414,818",D,42.31,56.22,0.00,1.47,42.94,57.06,,,
President,20081104,Wyoming,3,0,0,"254,658","164,958","McCain, John S. III",Challenger,"82,868","Obama, Barack H. ",Challenger,N/A,N/A,N/A,N/A,"6,832",,"82,090",R,64.78,32.54,0.00,2.68,66.56,33.44,,,
,,,,,,,,,,,,,,,,,,,,,,,,,,,,,
AreaAll,ElectoralRepVotesAll,ElectoralDemVotesAll,ElectoralOtherVotesAll,TotalVotesAll,RepVotesAll,DemVotesAll,ThirdVotesAll,OtherVotesAll,PluralityVotesAll,PluralityPartyAll,RepVotesTotalPercentAll,DemVotesTotalPercentAll,ThirdVotesTotalPercentAll,OtherVotesTotalPercentAll,RepVotesMajorPercentAll,DemVotesMajorPercentAll,,,,,,,,,,,,,
United States,173,365,0,"131,313,815","59,948,323","69,498,516",N/A,"1,866,976","9,550,193",D,45.65,52.93,0.00,1.42,46.31,53.69,,,,,,,,,,,,,
,,,,,,,,,,,,,,,,,,,,,,,,,,,,,
,,,,,,,,,,,,,,,,,,,,,,,,,,,,,
,,,,,,,,,,,,,,,,,,,,,,,,,,,,,
PRESIDENT 2004 State Summary,,,,,,,,,,,,,,,,,,,,,,,,,,,,,
,,,,,,,,,,,,,,,,,,,,,,,,,,,,,
Office,RaceDate,Area,ElectoralRepVotes,ElectoralDemVotes,ElectoralOtherVotes,TotalVotes,RepVotes,RepCandidate,RepStatus,DemVotes,DemCandidate,DemStatus,ThirdParty,ThirdVotes,ThirdCandidate,ThirdStatus,OtherVotes,OtherDetail,PluralityVotes,PluralityParty,RepVotesTotalPercent,DemVotesTotalPercent,ThirdVotesTotalPercent,OtherVotesTotalPercent,RepVotesMajorPercent,DemVotesMajorPercent,RaceNotes,PopularRaceNotes,ElectoralRaceNotes
President,20041102,Alabama,9,0,0,"1,883,449","1,176,394","Bush, George W. ",Incumbent,"693,933","Kerry, John F. ",Challenger,N/A,N/A,N/A,N/A,"13,122",,"482,461",R,62.46,36.84,0.00,0.70,62.90,37.10,,,
President,20041102,Alaska,3,0,0,"312,598","190,889","Bush, George W. ",Incumbent,"111,025","Kerry, John F. ",Challenger,N/A,N/A,N/A,N/A,"10,684",,"79,864",R,61.07,35.52,0.00,3.42,63.23,36.77,,,
President,20041102,Arizona,10,0,0,"2,012,585","1,104,294","Bush, George W. ",Incumbent,"893,524","Kerry, John F. ",Challenger,N/A,N/A,N/A,N/A,"14,767",,"210,770",R,54.87,44.40,0.00,0.73,55.28,44.72,,,
President,20041102,Arkansas,6,0,0,"1,054,945","572,898","Bush, George W. ",Incumbent,"469,953","Kerry, John F. ",Challenger,N/A,N/A,N/A,N/A,"12,094",,"102,945",R,54.31,44.55,0.00,1.15,54.94,45.06,,,
President,20041102,California,0,55,0,"12,421,852","5,509,826","Bush, George W. ",Incumbent,"6,745,485","Kerry, John F. ",Challenger,N/A,N/A,N/A,N/A,"166,541",,"1,235,659",D,44.36,54.30,0.00,1.34,44.96,55.04,,,
President,20041102,Colorado,9,0,0,"2,130,330","1,101,255","Bush, George W. ",Incumbent,"1,001,732","Kerry, John F. ",Challenger,N/A,N/A,N/A,N/A,"27,343",,"99,523",R,51.69,47.02,0.00,1.28,52.37,47.63,,,
President,20041102,Connecticut,0,7,0,"1,578,769","693,826","Bush, George W. ",Incumbent,"857,488","Kerry, John F. ",Challenger,N/A,N/A,N/A,N/A,"27,455",,"163,662",D,43.95,54.31,0.00,1.74,44.73,55.27,,,
President,20041102,Delaware,0,3,0,"375,190","171,660","Bush, George W. ",Incumbent,"200,152","Kerry, John F. ",Challenger,N/A,N/A,N/A,N/A,"3,378",,"28,492",D,45.75,53.35,0.00,0.90,46.17,53.83,,,
President,20041102,District of Columbia,0,3,0,"227,586","21,256","Bush, George W. ",Incumbent,"202,970","Kerry, John F. ",Challenger,N/A,N/A,N/A,N/A,"3,360",,"181,714",D,9.34,89.18,0.00,1.48,9.48,90.52,,,
President,20041102,Florida,27,0,0,"7,609,810","3,964,522","Bush, George W. ",Incumbent,"3,583,544","Kerry, John F. ",Challenger,N/A,N/A,N/A,N/A,"61,744",,"380,978",R,52.10,47.09,0.00,0.81,52.52,47.48,,,
President,20041102,Georgia,15,0,0,"3,301,875","1,914,254","Bush, George W. ",Incumbent,"1,366,149","Kerry, John F. ",Challenger,N/A,N/A,N/A,N/A,"21,472",,"548,105",R,57.97,41.37,0.00,0.65,58.35,41.65,,,
President,20041102,Hawaii,0,4,0,"429,013","194,191","Bush, George W. ",Incumbent,"231,708","Kerry, John F. ",Challenger,N/A,N/A,N/A,N/A,"3,114",,"37,517",D,45.26,54.01,0.00,0.73,45.60,54.40,,,
President,20041102,Idaho,4,0,0,"598,447","409,235","Bush, George W. ",Incumbent,"181,098","Kerry, John F. ",Challenger,N/A,N/A,N/A,N/A,"8,114",,"228,137",R,68.38,30.26,0.00,1.36,69.32,30.68,,,
President,20041102,Illinois,0,21,0,"5,274,322","2,345,946","Bush, George W. ",Incumbent,"2,891,550","Kerry, John F. ",Challenger,N/A,N/A,N/A,N/A,"36,826",,"545,604",D,44.48,54.82,0.00,0.70,44.79,55.21,,,
President,20041102,Indiana,11,0,0,"2,468,002","1,479,438","Bush, George W. ",Incumbent,"969,011","Kerry, John F. ",Challenger,N/A,N/A,N/A,N/A,"19,553",,"510,427",R,59.94,39.26,0.00,0.79,60.42,39.58,,,
President,20041102,Iowa,7,0,0,"1,506,908","751,957","Bush, George W. ",Incumbent,"741,898","Kerry, John F. ",Challenger,N/A,N/A,N/A,N/A,"13,053",,"10,059",R,49.90,49.23,0.00,0.87,50.34,49.66,,,
President,20041102,Kansas,6,0,0,"1,187,756","736,456","Bush, George W. ",Incumbent,"434,993","Kerry, John F. ",Challenger,N/A,N/A,N/A,N/A,"16,307",,"301,463",R,62.00,36.62,0.00,1.37,62.87,37.13,,,
President,20041102,Kentucky,8,0,0,"1,795,882","1,069,439","Bush, George W. ",Incumbent,"712,733","Kerry, John F. ",Challenger,N/A,N/A,N/A,N/A,"13,710",,"356,706",R,59.55,39.69,0.00,0.76,60.01,39.99,,,
President,20041102,Louisiana,9,0,0,"1,943,106","1,102,169","Bush, George W. ",Incumbent,"820,299","Kerry, John F. ",Challenger,N/A,N/A,N/A,N/A,"20,638",,"281,870",R,56.72,42.22,0.00,1.06,57.33,42.67,,,
President,20041102,Maine,0,4,0,"740,752","330,201","Bush, George W. ",Incumbent,"396,842","Kerry, John F. ",Challenger,N/A,N/A,N/A,N/A,"13,709",,"66,641",D,44.58,53.57,0.00,1.85,45.42,54.58,,,
President,20041102,Maryland,0,10,0,"2,386,678","1,024,703","Bush, George W. ",Incumbent,"1,334,493","Kerry, John F. ",Challenger,N/A,N/A,N/A,N/A,"27,482",,"309,790",D,42.93,55.91,0.00,1.15,43.43,56.57,,,
President,20041102,Massachusetts,0,12,0,"2,912,388","1,071,109","Bush, George W. ",Incumbent,"1,803,800","Kerry, John F. ",Challenger,N/A,N/A,N/A,N/A,"37,479",,"732,691",D,36.78,61.94,0.00,1.29,37.26,62.74,,,
President,20041102,Michigan,0,17,0,"4,839,252","2,313,746","Bush, George W. ",Incumbent,"2,479,183","Kerry, John F. ",Challenger,N/A,N/A,N/A,N/A,"46,323",,"165,437",D,47.81,51.23,0.00,0.96,48.27,51.73,,,
President,20041102,Minnesota,0,9,1,"2,828,387","1,346,695","Bush, George W. ",Incumbent,"1,445,014","Kerry, John F. ",Challenger,N/A,N/A,N/A,N/A,"36,678",,"98,319",D,47.61,51.09,0.00,1.30,48.24,51.76,,,
President,20041102,Mississippi,6,0,0,"1,152,145","684,981","Bush, George W. ",Incumbent,"458,094","Kerry, John F. ",Challenger,N/A,N/A,N/A,N/A,"9,070",,"226,887",R,59.45,39.76,0.00,0.79,59.92,40.08,,,
President,20041102,Missouri,11,0,0,"2,731,364","1,455,713","Bush, George W. ",Incumbent,"1,259,171","Kerry, John F. ",Challenger,N/A,N/A,N/A,N/A,"16,480",,"196,542",R,53.30,46.10,0.00,0.60,53.62,46.38,,,
President,20041102,Montana,3,0,0,"450,445","266,063","Bush, George W. ",Incumbent,"173,710","Kerry, John F. ",Challenger,N/A,N/A,N/A,N/A,"10,672",,"92,353",R,59.07,38.56,0.00,2.37,60.50,39.50,,,
President,20041102,Nebraska,5,0,0,"778,186","512,814","Bush, George W. ",Incumbent,"254,328","Kerry, John F. ",Challenger,N/A,N/A,N/A,N/A,"11,044",,"258,486",R,65.90,32.68,0.00,1.42,66.85,33.15,,,
President,20041102,Nevada,5,0,0,"829,587","418,690","Bush, George W. ",Incumbent,"397,190","Kerry, John F. ",Challenger,N/A,N/A,N/A,N/A,"13,707",,"21,500",R,50.47,47.88,0.00,1.65,51.32,48.68,,,
President,20041102,New Hampshire,0,4,0,"677,738","331,237","Bush, George W. ",Incumbent,"340,511","Kerry, John F. ",Challenger,N/A,N/A,N/A,N/A,"5,990",,"9,274",D,48.87,50.24,0.00,0.88,49.31,50.69,,,
President,20041102,New Jersey,0,15,0,"3,611,691","1,670,003","Bush, George W. ",Incumbent,"1,911,430","Kerry, John F. ",Challenger,N/A,N/A,N/A,N/A,"30,258",,"241,427",D,46.24,52.92,0.00,0.84,46.63,53.37,,,
President,20041102,New Mexico,5,0,0,"756,304","376,930","Bush, George W. ",Incumbent,"370,942","Kerry, John F. ",Challenger,N/A,N/A,N/A,N/A,"8,432",,"5,988",R,49.84,49.05,0.00,1.11,50.40,49.60,,,
President,20041102,New York,0,31,0,"7,391,036","2,962,567","Bush, George W. ",Incumbent,"4,314,280","Kerry, John F. ",Challenger,N/A,N/A,N/A,N/A,"114,189",,"1,351,713",D,40.08,58.37,0.00,1.54,40.71,59.29,,,
President,20041102,North Carolina,15,0,0,"3,501,007","1,961,166","Bush, George W. ",Incumbent,"1,525,849","Kerry, John F. ",Challenger,N/A,N/A,N/A,N/A,"13,992",,"435,317",R,56.02,43.58,0.00,0.40,56.24,43.76,,,
President,20041102,North Dakota,3,0,0,"312,833","196,651","Bush, George W. ",Incumbent,"111,052","Kerry, John F. ",Challenger,N/A,N/A,N/A,N/A,"5,130",,"85,599",R,62.86,35.50,0.00,1.64,63.91,36.09,,,
President,20041102,Ohio,20,0,0,"5,627,908","2,859,768","Bush, George W. ",Incumbent,"2,741,167","Kerry, John F. ",Challenger,N/A,N/A,N/A,N/A,"26,973",,"118,601",R,50.81,48.71,0.00,0.48,51.06,48.94,,,
President,20041102,Oklahoma,7,0,0,"1,463,758","959,792","Bush, George W. ",Incumbent,"503,966","Kerry, John F. ",Challenger,N/A,N/A,N/A,N/A,N/A,,"455,826",R,65.57,34.43,0.00,0.00,65.57,34.43,,,
President,20041102,Oregon,0,7,0,"1,836,782","866,831","Bush, George W. ",Incumbent,"943,163","Kerry, John F. ",Challenger,N/A,N/A,N/A,N/A,"26,788",,"76,332",D,47.19,51.35,0.00,1.46,47.89,52.11,,,
President,20041102,Pennsylvania,0,21,0,"5,769,590","2,793,847","Bush, George W. ",Incumbent,"2,938,095","Kerry, John F. ",Challenger,N/A,N/A,N/A,N/A,"37,648",,"144,248",D,48.42,50.92,0.00,0.65,48.74,51.26,,,
President,20041102,Rhode Island,0,4,0,"437,134","169,046","Bush, George W. ",Incumbent,"259,760","Kerry, John F. ",Challenger,N/A,N/A,N/A,N/A,"8,328",,"90,714",D,38.67,59.42,0.00,1.91,39.42,60.58,,,
President,20041102,South Carolina,8,0,0,"1,617,730","937,974","Bush, George W. ",Incumbent,"661,699","Kerry, John F. ",Challenger,N/A,N/A,N/A,N/A,"18,057",,"276,275",R,57.98,40.90,0.00,1.12,58.64,41.36,,,
President,20041102,South Dakota,3,0,0,"388,215","232,584","Bush, George W. ",Incumbent,"149,244","Kerry, John F. ",Challenger,N/A,N/A,N/A,N/A,"6,387",,"83,340",R,59.91,38.44,0.00,1.65,60.91,39.09,,,
President,20041102,Tennessee,11,0,0,"2,437,319","1,384,375","Bush, George W. ",Incumbent,"1,036,477","Kerry, John F. ",Challenger,N/A,N/A,N/A,N/A,"16,467",,"347,898",R,56.80,42.53,0.00,0.68,57.19,42.81,,,
President,20041102,Texas,34,0,0,"7,410,765","4,526,917","Bush, George W. ",Incumbent,"2,832,704","Kerry, John F. ",Challenger,N/A,N/A,N/A,N/A,"51,144",,"1,694,213",R,61.09,38.22,0.00,0.69,61.51,38.49,,,
President,20041102,Utah,5,0,0,"927,844","663,742","Bush, George W. ",Incumbent,"241,199","Kerry, John F. ",Challenger,N/A,N/A,N/A,N/A,"22,903",,"422,543",R,71.54,26.00,0.00,2.47,73.35,26.65,,,
President,20041102,Vermont,0,3,0,"312,309","121,180","Bush, George W. ",Incumbent,"184,067","Kerry, John F. ",Challenger,N/A,N/A,N/A,N/A,"7,062",,"62,887",D,38.80,58.94,0.00,2.26,39.70,60.30,,,
President,20041102,Virginia,13,0,0,"3,198,367","1,716,959","Bush, George W. ",Incumbent,"1,454,742","Kerry, John F. ",Challenger,N/A,N/A,N/A,N/A,"26,666",,"262,217",R,53.68,45.48,0.00,0.83,54.13,45.87,,,
President,20041102,Washington,0,11,0,"2,859,084","1,304,894","Bush, George W. ",Incumbent,"1,510,201","Kerry, John F. ",Challenger,N/A,N/A,N/A,N/A,"43,989",,"205,307",D,45.64,52.82,0.00,1.54,46.35,53.65,,,
President,20041102,West Virginia,5,0,0,"755,887","423,778","Bush, George W. ",Incumbent,"326,541","Kerry, John F. ",Challenger,N/A,N/A,N/A,N/A,"5,568",,"97,237",R,56.06,43.20,0.00,0.74,56.48,43.52,,,
President,20041102,Wisconsin,0,10,0,"2,997,007","1,478,120","Bush, George W. ",Incumbent,"1,489,504","Kerry, John F. ",Challenger,N/A,N/A,N/A,N/A,"29,383",,"11,384",D,49.32,49.70,0.00,0.98,49.81,50.19,,,
President,20041102,Wyoming,3,0,0,"243,428","167,629","Bush, George W. ",Incumbent,"70,776","Kerry, John F. ",Challenger,N/A,N/A,N/A,N/A,"5,023",,"96,853",R,68.86,29.07,0.00,2.06,70.31,29.69,,,
,,,,,,,,,,,,,,,,,,,,,,,,,,,,,
AreaAll,ElectoralRepVotesAll,ElectoralDemVotesAll,ElectoralOtherVotesAll,TotalVotesAll,RepVotesAll,DemVotesAll,ThirdVotesAll,OtherVotesAll,PluralityVotesAll,PluralityPartyAll,RepVotesTotalPercentAll,DemVotesTotalPercentAll,ThirdVotesTotalPercentAll,OtherVotesTotalPercentAll,RepVotesMajorPercentAll,DemVotesMajorPercentAll,,,,,,,,,,,,,
United States,286,251,1,"122,295,345","62,040,610","59,028,439",N/A,"1,226,296","3,012,171",R,50.73,48.27,0.00,1.00,51.24,48.76,,,,,,,,,,,,,
